<?xml version="1.0" encoding="UTF-8"?>
<!DOCTYPE hibernate-reverse-engineering PUBLIC "-//Hibernate/Hibernate Reverse Engineering DTD 3.0//EN" "http://hibernate.sourceforge.net/hibernate-reverse-engineering-3.0.dtd" >

<hibernate-reverse-engineering>
	<table name="admin" catalog="final" class="models.Admin">
		<primary-key>
			<generator class="identity"></generator>
		</primary-key>
	</table>
	<table name="course_teacher" catalog="final"
		class="models.Course_teacher">
		<primary-key>
			<generator class="identity"></generator>
		</primary-key>
	</table>
	<table name="course" catalog="final" class="models.Course">
		<primary-key>
			<generator class="identity"></generator>
		</primary-key>
	</table>
	<table name="student_course" catalog="final"
		class="models.Student_course">
		<primary-key>
			<generator class="assigned"></generator>

		</primary-key>
	</table>
	<table name="student" catalog="final" class="models.Student">
		<primary-key>
			<generator class="identity"></generator>
		</primary-key>
	</table>
<table name="teacher" catalog="final" class="models.Teacher">
	<primary-key>
		<generator class="identity"></generator>
	</primary-key>
</table>
</hibernate-reverse-engineering>