<?xml version="1.0" encoding="utf-8"?>
<!DOCTYPE hibernate-mapping PUBLIC "-//Hibernate/Hibernate Mapping DTD 3.0//EN"
                                   "http://hibernate.sourceforge.net/hibernate-mapping-3.0.dtd">
<!-- 
    Mapping file autogenerated by MyEclipse Persistence Tools
-->
<hibernate-mapping>
 <class catalog="final" name="models.Admin" table="admin">
  <id name="id" type="java.lang.Integer">
   <column name="id"/>
   <generator class="identity"/>
  </id>
  <property generated="never" lazy="false" name="adminId" type="java.lang.String">
   <column length="10" name="admin_id"/>
  </property>
  <property generated="never" lazy="false" name="adminName" type="java.lang.String">
   <column length="20" name="admin_name"/>
  </property>
  <property generated="never" lazy="false" name="adminPs" type="java.lang.String">
   <column length="65535" name="admin_ps"/>
  </property>
 </class>
</hibernate-mapping>
