<?xml version="1.0" encoding="utf-8"?>
<!DOCTYPE hibernate-mapping PUBLIC "-//Hibernate/Hibernate Mapping DTD 3.0//EN"
                                   "http://hibernate.sourceforge.net/hibernate-mapping-3.0.dtd">
<!-- 
    Mapping file autogenerated by MyEclipse Persistence Tools
-->
<hibernate-mapping>
 <class catalog="final" name="models.Course_teacher" table="course_teacher">
  <id name="CTId" type="java.lang.Integer">
   <column name="c_t_id"/>
   <generator class="identity"/>
  </id>
  <many-to-one class="models.Teacher" fetch="join" name="teacher" lazy="false">
   <column name="t_id"/>
  </many-to-one>
  <many-to-one class="models.Course" fetch="join" name="course" lazy="false">
   <column name="c_id"/>
  </many-to-one>
  <set inverse="true" name="student_courses" sort="unsorted">
   <key>
    <column name="c_t_id" not-null="true"/>
   </key>
   <one-to-many class="models.Student_course"/>
  </set>
 </class>
</hibernate-mapping>
