<?xml version="1.0" encoding="UTF-8"?>
<faceted-project>
  <runtime name="com.genuitec.embedded.tomcat.runtime.v85"/>
  <fixed facet="wst.jsdt.web"/>
  <installed facet="java" version="1.5"/>
  <installed facet="jst.web" version="2.5"/>
  <installed facet="wst.jsdt.web" version="1.0"/>
  <installed facet="jst.web.jstl" version="1.2"/>
  <installed facet="web.struts2" version="2.1"/>
  <installed facet="me.hibernate" version="3.3"/>
  <installed facet="me.spring" version="3.0"/>
</faceted-project>
